0,0,0,q_la7_logo3.png--_t_la7_NOc6N7RzDbY.mp4-0
14,0,0,q_la7_logo3.png--_t_la7_NOc6N7RzDbY.mp4-14
28,0,0,q_la7_logo3.png--_t_la7_NOc6N7RzDbY.mp4-28
42,0,0,q_la7_logo3.png--_t_la7_NOc6N7RzDbY.mp4-42
56,0,0,q_la7_logo3.png--_t_la7_NOc6N7RzDbY.mp4-56
70,0,0,q_la7_logo3.png--_t_la7_NOc6N7RzDbY.mp4-70
84,0,0,q_la7_logo3.png--_t_la7_NOc6N7RzDbY.mp4-84
98,0,0,q_la7_logo3.png--_t_la7_NOc6N7RzDbY.mp4-98
112,0,0,q_la7_logo3.png--_t_la7_NOc6N7RzDbY.mp4-112
126,0,0,q_la7_logo3.png--_t_la7_NOc6N7RzDbY.mp4-126
140,0,0,q_la7_logo3.png--_t_la7_NOc6N7RzDbY.mp4-140
154,0,0,q_la7_logo3.png--_t_la7_NOc6N7RzDbY.mp4-154
168,0,0,q_la7_logo3.png--_t_la7_NOc6N7RzDbY.mp4-168
182,0,0,q_la7_logo3.png--_t_la7_NOc6N7RzDbY.mp4-182
196,0,0,q_la7_logo3.png--_t_la7_NOc6N7RzDbY.mp4-196
210,0,0,q_la7_logo3.png--_t_la7_NOc6N7RzDbY.mp4-210
224,0,0,q_la7_logo3.png--_t_la7_NOc6N7RzDbY.mp4-224
238,0,0,q_la7_logo3.png--_t_la7_NOc6N7RzDbY.mp4-238
252,0,0,q_la7_logo3.png--_t_la7_NOc6N7RzDbY.mp4-252
266,0,0,q_la7_logo3.png--_t_la7_NOc6N7RzDbY.mp4-266
280,0,0,q_la7_logo3.png--_t_la7_NOc6N7RzDbY.mp4-280
294,0,0,q_la7_logo3.png--_t_la7_NOc6N7RzDbY.mp4-294
308,0,0,q_la7_logo3.png--_t_la7_NOc6N7RzDbY.mp4-308
322,0,0,q_la7_logo3.png--_t_la7_NOc6N7RzDbY.mp4-322
336,0,0,q_la7_logo3.png--_t_la7_NOc6N7RzDbY.mp4-336
350,0,0,q_la7_logo3.png--_t_la7_NOc6N7RzDbY.mp4-350
364,0,0,q_la7_logo3.png--_t_la7_NOc6N7RzDbY.mp4-364
378,0,0,q_la7_logo3.png--_t_la7_NOc6N7RzDbY.mp4-378
392,0,0,q_la7_logo3.png--_t_la7_NOc6N7RzDbY.mp4-392
406,0,0,q_la7_logo3.png--_t_la7_NOc6N7RzDbY.mp4-406
420,0,0,q_la7_logo3.png--_t_la7_NOc6N7RzDbY.mp4-420
434,4,0.2,q_la7_logo3.png--_t_la7_NOc6N7RzDbY.mp4-434
448,4,0.2,q_la7_logo3.png--_t_la7_NOc6N7RzDbY.mp4-448
462,3,0.15,q_la7_logo3.png--_t_la7_NOc6N7RzDbY.mp4-462
476,4,0.2,q_la7_logo3.png--_t_la7_NOc6N7RzDbY.mp4-476
490,2,0.1,q_la7_logo3.png--_t_la7_NOc6N7RzDbY.mp4-490
504,3,0.15,q_la7_logo3.png--_t_la7_NOc6N7RzDbY.mp4-504
518,0,0,q_la7_logo3.png--_t_la7_NOc6N7RzDbY.mp4-518
532,0,0,q_la7_logo3.png--_t_la7_NOc6N7RzDbY.mp4-532
546,0,0,q_la7_logo3.png--_t_la7_NOc6N7RzDbY.mp4-546
560,0,0,q_la7_logo3.png--_t_la7_NOc6N7RzDbY.mp4-560
574,0,0,q_la7_logo3.png--_t_la7_NOc6N7RzDbY.mp4-574
588,0,0,q_la7_logo3.png--_t_la7_NOc6N7RzDbY.mp4-588
602,0,0,q_la7_logo3.png--_t_la7_NOc6N7RzDbY.mp4-602
616,0,0,q_la7_logo3.png--_t_la7_NOc6N7RzDbY.mp4-616
630,0,0,q_la7_logo3.png--_t_la7_NOc6N7RzDbY.mp4-630
644,0,0,q_la7_logo3.png--_t_la7_NOc6N7RzDbY.mp4-644
658,0,0,q_la7_logo3.png--_t_la7_NOc6N7RzDbY.mp4-658
672,0,0,q_la7_logo3.png--_t_la7_NOc6N7RzDbY.mp4-672
686,0,0,q_la7_logo3.png--_t_la7_NOc6N7RzDbY.mp4-686
700,0,0,q_la7_logo3.png--_t_la7_NOc6N7RzDbY.mp4-700
714,0,0,q_la7_logo3.png--_t_la7_NOc6N7RzDbY.mp4-714
728,0,0,q_la7_logo3.png--_t_la7_NOc6N7RzDbY.mp4-728
742,3,0.15,q_la7_logo3.png--_t_la7_NOc6N7RzDbY.mp4-742
756,1,0.05,q_la7_logo3.png--_t_la7_NOc6N7RzDbY.mp4-756
770,0,0,q_la7_logo3.png--_t_la7_NOc6N7RzDbY.mp4-770
784,0,0,q_la7_logo3.png--_t_la7_NOc6N7RzDbY.mp4-784
798,0,0,q_la7_logo3.png--_t_la7_NOc6N7RzDbY.mp4-798
812,0,0,q_la7_logo3.png--_t_la7_NOc6N7RzDbY.mp4-812
826,0,0,q_la7_logo3.png--_t_la7_NOc6N7RzDbY.mp4-826
840,0,0,q_la7_logo3.png--_t_la7_NOc6N7RzDbY.mp4-840
854,0,0,q_la7_logo3.png--_t_la7_NOc6N7RzDbY.mp4-854
868,0,0,q_la7_logo3.png--_t_la7_NOc6N7RzDbY.mp4-868
882,0,0,q_la7_logo3.png--_t_la7_NOc6N7RzDbY.mp4-882
896,0,0,q_la7_logo3.png--_t_la7_NOc6N7RzDbY.mp4-896
910,0,0,q_la7_logo3.png--_t_la7_NOc6N7RzDbY.mp4-910
924,0,0,q_la7_logo3.png--_t_la7_NOc6N7RzDbY.mp4-924
938,0,0,q_la7_logo3.png--_t_la7_NOc6N7RzDbY.mp4-938
952,2,0.1,q_la7_logo3.png--_t_la7_NOc6N7RzDbY.mp4-952
966,5,0.25,q_la7_logo3.png--_t_la7_NOc6N7RzDbY.mp4-966
980,2,0.1,q_la7_logo3.png--_t_la7_NOc6N7RzDbY.mp4-980
994,4,0.2,q_la7_logo3.png--_t_la7_NOc6N7RzDbY.mp4-994
1008,3,0.15,q_la7_logo3.png--_t_la7_NOc6N7RzDbY.mp4-1008
1022,1,0.05,q_la7_logo3.png--_t_la7_NOc6N7RzDbY.mp4-1022
1036,2,0.1,q_la7_logo3.png--_t_la7_NOc6N7RzDbY.mp4-1036
1050,0,0,q_la7_logo3.png--_t_la7_NOc6N7RzDbY.mp4-1050
1064,0,0,q_la7_logo3.png--_t_la7_NOc6N7RzDbY.mp4-1064
1078,0,0,q_la7_logo3.png--_t_la7_NOc6N7RzDbY.mp4-1078
1092,1,0.05,q_la7_logo3.png--_t_la7_NOc6N7RzDbY.mp4-1092
1106,1,0.05,q_la7_logo3.png--_t_la7_NOc6N7RzDbY.mp4-1106
1120,1,0.05,q_la7_logo3.png--_t_la7_NOc6N7RzDbY.mp4-1120
1134,0,0,q_la7_logo3.png--_t_la7_NOc6N7RzDbY.mp4-1134
1148,0,0,q_la7_logo3.png--_t_la7_NOc6N7RzDbY.mp4-1148
1162,0,0,q_la7_logo3.png--_t_la7_NOc6N7RzDbY.mp4-1162
1176,0,0,q_la7_logo3.png--_t_la7_NOc6N7RzDbY.mp4-1176
1190,1,0.05,q_la7_logo3.png--_t_la7_NOc6N7RzDbY.mp4-1190
1204,1,0.05,q_la7_logo3.png--_t_la7_NOc6N7RzDbY.mp4-1204
1218,0,0,q_la7_logo3.png--_t_la7_NOc6N7RzDbY.mp4-1218
1232,0,0,q_la7_logo3.png--_t_la7_NOc6N7RzDbY.mp4-1232
1246,0,0,q_la7_logo3.png--_t_la7_NOc6N7RzDbY.mp4-1246
1260,0,0,q_la7_logo3.png--_t_la7_NOc6N7RzDbY.mp4-1260
1274,0,0,q_la7_logo3.png--_t_la7_NOc6N7RzDbY.mp4-1274
1288,0,0,q_la7_logo3.png--_t_la7_NOc6N7RzDbY.mp4-1288
1302,1,0.05,q_la7_logo3.png--_t_la7_NOc6N7RzDbY.mp4-1302
1316,0,0,q_la7_logo3.png--_t_la7_NOc6N7RzDbY.mp4-1316
1330,0,0,q_la7_logo3.png--_t_la7_NOc6N7RzDbY.mp4-1330
1344,2,0.1,q_la7_logo3.png--_t_la7_NOc6N7RzDbY.mp4-1344
1358,5,0.25,q_la7_logo3.png--_t_la7_NOc6N7RzDbY.mp4-1358
1372,4,0.2,q_la7_logo3.png--_t_la7_NOc6N7RzDbY.mp4-1372
1386,1,0.05,q_la7_logo3.png--_t_la7_NOc6N7RzDbY.mp4-1386
1400,0,0,q_la7_logo3.png--_t_la7_NOc6N7RzDbY.mp4-1400
1414,1,0.05,q_la7_logo3.png--_t_la7_NOc6N7RzDbY.mp4-1414
1428,0,0,q_la7_logo3.png--_t_la7_NOc6N7RzDbY.mp4-1428
1442,0,0,q_la7_logo3.png--_t_la7_NOc6N7RzDbY.mp4-1442
1456,2,0.1,q_la7_logo3.png--_t_la7_NOc6N7RzDbY.mp4-1456
1470,2,0.1,q_la7_logo3.png--_t_la7_NOc6N7RzDbY.mp4-1470
1484,5,0.25,q_la7_logo3.png--_t_la7_NOc6N7RzDbY.mp4-1484
1498,5,0.25,q_la7_logo3.png--_t_la7_NOc6N7RzDbY.mp4-1498
1512,1,0.05,q_la7_logo3.png--_t_la7_NOc6N7RzDbY.mp4-1512
1526,0,0,q_la7_logo3.png--_t_la7_NOc6N7RzDbY.mp4-1526
1540,0,0,q_la7_logo3.png--_t_la7_NOc6N7RzDbY.mp4-1540
1554,2,0.1,q_la7_logo3.png--_t_la7_NOc6N7RzDbY.mp4-1554
1568,0,0,q_la7_logo3.png--_t_la7_NOc6N7RzDbY.mp4-1568
1582,1,0.05,q_la7_logo3.png--_t_la7_NOc6N7RzDbY.mp4-1582
1596,6,0.3,q_la7_logo3.png--_t_la7_NOc6N7RzDbY.mp4-1596
1610,6,0.3,q_la7_logo3.png--_t_la7_NOc6N7RzDbY.mp4-1610
1624,5,0.25,q_la7_logo3.png--_t_la7_NOc6N7RzDbY.mp4-1624
1638,5,0.25,q_la7_logo3.png--_t_la7_NOc6N7RzDbY.mp4-1638
1652,1,0.05,q_la7_logo3.png--_t_la7_NOc6N7RzDbY.mp4-1652
1666,3,0.15,q_la7_logo3.png--_t_la7_NOc6N7RzDbY.mp4-1666
1680,3,0.15,q_la7_logo3.png--_t_la7_NOc6N7RzDbY.mp4-1680
1694,4,0.2,q_la7_logo3.png--_t_la7_NOc6N7RzDbY.mp4-1694
1708,3,0.15,q_la7_logo3.png--_t_la7_NOc6N7RzDbY.mp4-1708
1722,2,0.1,q_la7_logo3.png--_t_la7_NOc6N7RzDbY.mp4-1722
1736,5,0.25,q_la7_logo3.png--_t_la7_NOc6N7RzDbY.mp4-1736
1750,5,0.25,q_la7_logo3.png--_t_la7_NOc6N7RzDbY.mp4-1750
1764,4,0.2,q_la7_logo3.png--_t_la7_NOc6N7RzDbY.mp4-1764
1778,3,0.15,q_la7_logo3.png--_t_la7_NOc6N7RzDbY.mp4-1778
1792,2,0.1,q_la7_logo3.png--_t_la7_NOc6N7RzDbY.mp4-1792
1806,3,0.15,q_la7_logo3.png--_t_la7_NOc6N7RzDbY.mp4-1806
1820,1,0.05,q_la7_logo3.png--_t_la7_NOc6N7RzDbY.mp4-1820
1834,4,0.2,q_la7_logo3.png--_t_la7_NOc6N7RzDbY.mp4-1834
1848,4,0.2,q_la7_logo3.png--_t_la7_NOc6N7RzDbY.mp4-1848
1862,3,0.15,q_la7_logo3.png--_t_la7_NOc6N7RzDbY.mp4-1862
1876,4,0.2,q_la7_logo3.png--_t_la7_NOc6N7RzDbY.mp4-1876
1890,3,0.15,q_la7_logo3.png--_t_la7_NOc6N7RzDbY.mp4-1890
1904,3,0.15,q_la7_logo3.png--_t_la7_NOc6N7RzDbY.mp4-1904
1918,4,0.2,q_la7_logo3.png--_t_la7_NOc6N7RzDbY.mp4-1918
1932,5,0.25,q_la7_logo3.png--_t_la7_NOc6N7RzDbY.mp4-1932
1946,6,0.3,q_la7_logo3.png--_t_la7_NOc6N7RzDbY.mp4-1946
1960,6,0.3,q_la7_logo3.png--_t_la7_NOc6N7RzDbY.mp4-1960
1974,5,0.25,q_la7_logo3.png--_t_la7_NOc6N7RzDbY.mp4-1974
1988,5,0.25,q_la7_logo3.png--_t_la7_NOc6N7RzDbY.mp4-1988
2002,1,0.05,q_la7_logo3.png--_t_la7_NOc6N7RzDbY.mp4-2002
2016,0,0,q_la7_logo3.png--_t_la7_NOc6N7RzDbY.mp4-2016
2030,0,0,q_la7_logo3.png--_t_la7_NOc6N7RzDbY.mp4-2030
2044,0,0,q_la7_logo3.png--_t_la7_NOc6N7RzDbY.mp4-2044
2058,0,0,q_la7_logo3.png--_t_la7_NOc6N7RzDbY.mp4-2058
2072,0,0,q_la7_logo3.png--_t_la7_NOc6N7RzDbY.mp4-2072
2086,0,0,q_la7_logo3.png--_t_la7_NOc6N7RzDbY.mp4-2086
2100,0,0,q_la7_logo3.png--_t_la7_NOc6N7RzDbY.mp4-2100
2114,6,0.3,q_la7_logo3.png--_t_la7_NOc6N7RzDbY.mp4-2114
2128,5,0.25,q_la7_logo3.png--_t_la7_NOc6N7RzDbY.mp4-2128
2142,5,0.25,q_la7_logo3.png--_t_la7_NOc6N7RzDbY.mp4-2142
2156,2,0.1,q_la7_logo3.png--_t_la7_NOc6N7RzDbY.mp4-2156
2170,5,0.25,q_la7_logo3.png--_t_la7_NOc6N7RzDbY.mp4-2170
2184,3,0.15,q_la7_logo3.png--_t_la7_NOc6N7RzDbY.mp4-2184
2198,6,0.3,q_la7_logo3.png--_t_la7_NOc6N7RzDbY.mp4-2198
2212,2,0.1,q_la7_logo3.png--_t_la7_NOc6N7RzDbY.mp4-2212
2226,0,0,q_la7_logo3.png--_t_la7_NOc6N7RzDbY.mp4-2226
2240,0,0,q_la7_logo3.png--_t_la7_NOc6N7RzDbY.mp4-2240
2254,0,0,q_la7_logo3.png--_t_la7_NOc6N7RzDbY.mp4-2254
2268,0,0,q_la7_logo3.png--_t_la7_NOc6N7RzDbY.mp4-2268
2282,0,0,q_la7_logo3.png--_t_la7_NOc6N7RzDbY.mp4-2282
2296,0,0,q_la7_logo3.png--_t_la7_NOc6N7RzDbY.mp4-2296
2310,0,0,q_la7_logo3.png--_t_la7_NOc6N7RzDbY.mp4-2310
2324,0,0,q_la7_logo3.png--_t_la7_NOc6N7RzDbY.mp4-2324
2338,0,0,q_la7_logo3.png--_t_la7_NOc6N7RzDbY.mp4-2338
2352,4,0.2,q_la7_logo3.png--_t_la7_NOc6N7RzDbY.mp4-2352
2366,2,0.1,q_la7_logo3.png--_t_la7_NOc6N7RzDbY.mp4-2366
2380,0,0,q_la7_logo3.png--_t_la7_NOc6N7RzDbY.mp4-2380
2394,0,0,q_la7_logo3.png--_t_la7_NOc6N7RzDbY.mp4-2394
2408,0,0,q_la7_logo3.png--_t_la7_NOc6N7RzDbY.mp4-2408
2422,3,0.15,q_la7_logo3.png--_t_la7_NOc6N7RzDbY.mp4-2422
2436,2,0.1,q_la7_logo3.png--_t_la7_NOc6N7RzDbY.mp4-2436
2450,2,0.1,q_la7_logo3.png--_t_la7_NOc6N7RzDbY.mp4-2450
2464,2,0.1,q_la7_logo3.png--_t_la7_NOc6N7RzDbY.mp4-2464
2478,3,0.15,q_la7_logo3.png--_t_la7_NOc6N7RzDbY.mp4-2478
2492,2,0.1,q_la7_logo3.png--_t_la7_NOc6N7RzDbY.mp4-2492
2506,3,0.15,q_la7_logo3.png--_t_la7_NOc6N7RzDbY.mp4-2506
2520,2,0.1,q_la7_logo3.png--_t_la7_NOc6N7RzDbY.mp4-2520
2534,2,0.1,q_la7_logo3.png--_t_la7_NOc6N7RzDbY.mp4-2534
2548,1,0.05,q_la7_logo3.png--_t_la7_NOc6N7RzDbY.mp4-2548
2562,3,0.15,q_la7_logo3.png--_t_la7_NOc6N7RzDbY.mp4-2562
2576,3,0.15,q_la7_logo3.png--_t_la7_NOc6N7RzDbY.mp4-2576
2590,1,0.05,q_la7_logo3.png--_t_la7_NOc6N7RzDbY.mp4-2590
2604,2,0.1,q_la7_logo3.png--_t_la7_NOc6N7RzDbY.mp4-2604
2618,3,0.15,q_la7_logo3.png--_t_la7_NOc6N7RzDbY.mp4-2618
2632,5,0.25,q_la7_logo3.png--_t_la7_NOc6N7RzDbY.mp4-2632
2646,0,0,q_la7_logo3.png--_t_la7_NOc6N7RzDbY.mp4-2646
2660,6,0.3,q_la7_logo3.png--_t_la7_NOc6N7RzDbY.mp4-2660
2674,5,0.25,q_la7_logo3.png--_t_la7_NOc6N7RzDbY.mp4-2674
2688,0,0,q_la7_logo3.png--_t_la7_NOc6N7RzDbY.mp4-2688
2702,6,0.3,q_la7_logo3.png--_t_la7_NOc6N7RzDbY.mp4-2702
2716,0,0,q_la7_logo3.png--_t_la7_NOc6N7RzDbY.mp4-2716
2730,0,0,q_la7_logo3.png--_t_la7_NOc6N7RzDbY.mp4-2730
2744,0,0,q_la7_logo3.png--_t_la7_NOc6N7RzDbY.mp4-2744
2758,0,0,q_la7_logo3.png--_t_la7_NOc6N7RzDbY.mp4-2758
2772,0,0,q_la7_logo3.png--_t_la7_NOc6N7RzDbY.mp4-2772
2786,0,0,q_la7_logo3.png--_t_la7_NOc6N7RzDbY.mp4-2786
2800,0,0,q_la7_logo3.png--_t_la7_NOc6N7RzDbY.mp4-2800
2814,0,0,q_la7_logo3.png--_t_la7_NOc6N7RzDbY.mp4-2814
2828,0,0,q_la7_logo3.png--_t_la7_NOc6N7RzDbY.mp4-2828
2842,0,0,q_la7_logo3.png--_t_la7_NOc6N7RzDbY.mp4-2842
2856,0,0,q_la7_logo3.png--_t_la7_NOc6N7RzDbY.mp4-2856
2870,0,0,q_la7_logo3.png--_t_la7_NOc6N7RzDbY.mp4-2870
2884,0,0,q_la7_logo3.png--_t_la7_NOc6N7RzDbY.mp4-2884
2898,0,0,q_la7_logo3.png--_t_la7_NOc6N7RzDbY.mp4-2898
2912,0,0,q_la7_logo3.png--_t_la7_NOc6N7RzDbY.mp4-2912
2926,0,0,q_la7_logo3.png--_t_la7_NOc6N7RzDbY.mp4-2926
2940,0,0,q_la7_logo3.png--_t_la7_NOc6N7RzDbY.mp4-2940
2954,0,0,q_la7_logo3.png--_t_la7_NOc6N7RzDbY.mp4-2954
2968,0,0,q_la7_logo3.png--_t_la7_NOc6N7RzDbY.mp4-2968
2982,0,0,q_la7_logo3.png--_t_la7_NOc6N7RzDbY.mp4-2982
2996,0,0,q_la7_logo3.png--_t_la7_NOc6N7RzDbY.mp4-2996
3010,0,0,q_la7_logo3.png--_t_la7_NOc6N7RzDbY.mp4-3010
3024,0,0,q_la7_logo3.png--_t_la7_NOc6N7RzDbY.mp4-3024
3038,0,0,q_la7_logo3.png--_t_la7_NOc6N7RzDbY.mp4-3038
3052,0,0,q_la7_logo3.png--_t_la7_NOc6N7RzDbY.mp4-3052
3066,0,0,q_la7_logo3.png--_t_la7_NOc6N7RzDbY.mp4-3066
3080,1,0.05,q_la7_logo3.png--_t_la7_NOc6N7RzDbY.mp4-3080
3094,1,0.05,q_la7_logo3.png--_t_la7_NOc6N7RzDbY.mp4-3094
3108,5,0.25,q_la7_logo3.png--_t_la7_NOc6N7RzDbY.mp4-3108
3122,4,0.2,q_la7_logo3.png--_t_la7_NOc6N7RzDbY.mp4-3122
3136,0,0,q_la7_logo3.png--_t_la7_NOc6N7RzDbY.mp4-3136
3150,1,0.05,q_la7_logo3.png--_t_la7_NOc6N7RzDbY.mp4-3150
3164,1,0.05,q_la7_logo3.png--_t_la7_NOc6N7RzDbY.mp4-3164
3178,1,0.05,q_la7_logo3.png--_t_la7_NOc6N7RzDbY.mp4-3178
3192,0,0,q_la7_logo3.png--_t_la7_NOc6N7RzDbY.mp4-3192
3206,0,0,q_la7_logo3.png--_t_la7_NOc6N7RzDbY.mp4-3206
3220,0,0,q_la7_logo3.png--_t_la7_NOc6N7RzDbY.mp4-3220
3234,0,0,q_la7_logo3.png--_t_la7_NOc6N7RzDbY.mp4-3234
3248,0,0,q_la7_logo3.png--_t_la7_NOc6N7RzDbY.mp4-3248
3262,0,0,q_la7_logo3.png--_t_la7_NOc6N7RzDbY.mp4-3262
3276,0,0,q_la7_logo3.png--_t_la7_NOc6N7RzDbY.mp4-3276
3290,0,0,q_la7_logo3.png--_t_la7_NOc6N7RzDbY.mp4-3290
3304,0,0,q_la7_logo3.png--_t_la7_NOc6N7RzDbY.mp4-3304
3318,1,0.05,q_la7_logo3.png--_t_la7_NOc6N7RzDbY.mp4-3318
3332,0,0,q_la7_logo3.png--_t_la7_NOc6N7RzDbY.mp4-3332
3346,0,0,q_la7_logo3.png--_t_la7_NOc6N7RzDbY.mp4-3346
3360,0,0,q_la7_logo3.png--_t_la7_NOc6N7RzDbY.mp4-3360
3374,0,0,q_la7_logo3.png--_t_la7_NOc6N7RzDbY.mp4-3374
3388,0,0,q_la7_logo3.png--_t_la7_NOc6N7RzDbY.mp4-3388
3402,0,0,q_la7_logo3.png--_t_la7_NOc6N7RzDbY.mp4-3402
3416,0,0,q_la7_logo3.png--_t_la7_NOc6N7RzDbY.mp4-3416
3430,0,0,q_la7_logo3.png--_t_la7_NOc6N7RzDbY.mp4-3430
3444,0,0,q_la7_logo3.png--_t_la7_NOc6N7RzDbY.mp4-3444
3458,0,0,q_la7_logo3.png--_t_la7_NOc6N7RzDbY.mp4-3458
3472,0,0,q_la7_logo3.png--_t_la7_NOc6N7RzDbY.mp4-3472
3486,0,0,q_la7_logo3.png--_t_la7_NOc6N7RzDbY.mp4-3486
3500,0,0,q_la7_logo3.png--_t_la7_NOc6N7RzDbY.mp4-3500
3514,0,0,q_la7_logo3.png--_t_la7_NOc6N7RzDbY.mp4-3514
3528,0,0,q_la7_logo3.png--_t_la7_NOc6N7RzDbY.mp4-3528
3542,0,0,q_la7_logo3.png--_t_la7_NOc6N7RzDbY.mp4-3542
3556,0,0,q_la7_logo3.png--_t_la7_NOc6N7RzDbY.mp4-3556
3570,0,0,q_la7_logo3.png--_t_la7_NOc6N7RzDbY.mp4-3570
3584,0,0,q_la7_logo3.png--_t_la7_NOc6N7RzDbY.mp4-3584
3598,0,0,q_la7_logo3.png--_t_la7_NOc6N7RzDbY.mp4-3598
3612,0,0,q_la7_logo3.png--_t_la7_NOc6N7RzDbY.mp4-3612
3626,0,0,q_la7_logo3.png--_t_la7_NOc6N7RzDbY.mp4-3626
3640,0,0,q_la7_logo3.png--_t_la7_NOc6N7RzDbY.mp4-3640
3654,0,0,q_la7_logo3.png--_t_la7_NOc6N7RzDbY.mp4-3654
3668,0,0,q_la7_logo3.png--_t_la7_NOc6N7RzDbY.mp4-3668
3682,0,0,q_la7_logo3.png--_t_la7_NOc6N7RzDbY.mp4-3682
3696,0,0,q_la7_logo3.png--_t_la7_NOc6N7RzDbY.mp4-3696
3710,0,0,q_la7_logo3.png--_t_la7_NOc6N7RzDbY.mp4-3710
3724,0,0,q_la7_logo3.png--_t_la7_NOc6N7RzDbY.mp4-3724
3738,0,0,q_la7_logo3.png--_t_la7_NOc6N7RzDbY.mp4-3738
3752,6,0.3,q_la7_logo3.png--_t_la7_NOc6N7RzDbY.mp4-3752
3766,6,0.3,q_la7_logo3.png--_t_la7_NOc6N7RzDbY.mp4-3766
3780,6,0.3,q_la7_logo3.png--_t_la7_NOc6N7RzDbY.mp4-3780
3794,6,0.3,q_la7_logo3.png--_t_la7_NOc6N7RzDbY.mp4-3794
3808,6,0.3,q_la7_logo3.png--_t_la7_NOc6N7RzDbY.mp4-3808
3822,4,0.2,q_la7_logo3.png--_t_la7_NOc6N7RzDbY.mp4-3822
3836,0,0,q_la7_logo3.png--_t_la7_NOc6N7RzDbY.mp4-3836
3850,0,0,q_la7_logo3.png--_t_la7_NOc6N7RzDbY.mp4-3850
3864,1,0.05,q_la7_logo3.png--_t_la7_NOc6N7RzDbY.mp4-3864
3878,3,0.15,q_la7_logo3.png--_t_la7_NOc6N7RzDbY.mp4-3878
3892,0,0,q_la7_logo3.png--_t_la7_NOc6N7RzDbY.mp4-3892
3906,2,0.1,q_la7_logo3.png--_t_la7_NOc6N7RzDbY.mp4-3906
3920,0,0,q_la7_logo3.png--_t_la7_NOc6N7RzDbY.mp4-3920
3934,0,0,q_la7_logo3.png--_t_la7_NOc6N7RzDbY.mp4-3934
3948,0,0,q_la7_logo3.png--_t_la7_NOc6N7RzDbY.mp4-3948
3962,0,0,q_la7_logo3.png--_t_la7_NOc6N7RzDbY.mp4-3962
3976,0,0,q_la7_logo3.png--_t_la7_NOc6N7RzDbY.mp4-3976
3990,0,0,q_la7_logo3.png--_t_la7_NOc6N7RzDbY.mp4-3990
4004,2,0.1,q_la7_logo3.png--_t_la7_NOc6N7RzDbY.mp4-4004
4018,1,0.05,q_la7_logo3.png--_t_la7_NOc6N7RzDbY.mp4-4018
4032,0,0,q_la7_logo3.png--_t_la7_NOc6N7RzDbY.mp4-4032
4046,1,0.05,q_la7_logo3.png--_t_la7_NOc6N7RzDbY.mp4-4046
4060,1,0.05,q_la7_logo3.png--_t_la7_NOc6N7RzDbY.mp4-4060
4074,0,0,q_la7_logo3.png--_t_la7_NOc6N7RzDbY.mp4-4074
4088,0,0,q_la7_logo3.png--_t_la7_NOc6N7RzDbY.mp4-4088
4102,1,0.05,q_la7_logo3.png--_t_la7_NOc6N7RzDbY.mp4-4102
4116,0,0,q_la7_logo3.png--_t_la7_NOc6N7RzDbY.mp4-4116
4130,2,0.1,q_la7_logo3.png--_t_la7_NOc6N7RzDbY.mp4-4130
4144,2,0.1,q_la7_logo3.png--_t_la7_NOc6N7RzDbY.mp4-4144
4158,2,0.1,q_la7_logo3.png--_t_la7_NOc6N7RzDbY.mp4-4158
4172,0,0,q_la7_logo3.png--_t_la7_NOc6N7RzDbY.mp4-4172
4186,0,0,q_la7_logo3.png--_t_la7_NOc6N7RzDbY.mp4-4186
4200,0,0,q_la7_logo3.png--_t_la7_NOc6N7RzDbY.mp4-4200
4214,0,0,q_la7_logo3.png--_t_la7_NOc6N7RzDbY.mp4-4214
4228,1,0.05,q_la7_logo3.png--_t_la7_NOc6N7RzDbY.mp4-4228
4242,3,0.15,q_la7_logo3.png--_t_la7_NOc6N7RzDbY.mp4-4242
4256,0,0,q_la7_logo3.png--_t_la7_NOc6N7RzDbY.mp4-4256
4270,2,0.1,q_la7_logo3.png--_t_la7_NOc6N7RzDbY.mp4-4270
4284,1,0.05,q_la7_logo3.png--_t_la7_NOc6N7RzDbY.mp4-4284
4298,0,0,q_la7_logo3.png--_t_la7_NOc6N7RzDbY.mp4-4298
4312,0,0,q_la7_logo3.png--_t_la7_NOc6N7RzDbY.mp4-4312
4326,0,0,q_la7_logo3.png--_t_la7_NOc6N7RzDbY.mp4-4326
4340,0,0,q_la7_logo3.png--_t_la7_NOc6N7RzDbY.mp4-4340
4354,3,0.15,q_la7_logo3.png--_t_la7_NOc6N7RzDbY.mp4-4354
4368,0,0,q_la7_logo3.png--_t_la7_NOc6N7RzDbY.mp4-4368
4382,2,0.1,q_la7_logo3.png--_t_la7_NOc6N7RzDbY.mp4-4382
4396,0,0,q_la7_logo3.png--_t_la7_NOc6N7RzDbY.mp4-4396
4410,3,0.15,q_la7_logo3.png--_t_la7_NOc6N7RzDbY.mp4-4410
4424,0,0,q_la7_logo3.png--_t_la7_NOc6N7RzDbY.mp4-4424
4438,0,0,q_la7_logo3.png--_t_la7_NOc6N7RzDbY.mp4-4438
4452,0,0,q_la7_logo3.png--_t_la7_NOc6N7RzDbY.mp4-4452
4466,0,0,q_la7_logo3.png--_t_la7_NOc6N7RzDbY.mp4-4466
4480,2,0.1,q_la7_logo3.png--_t_la7_NOc6N7RzDbY.mp4-4480
4494,2,0.1,q_la7_logo3.png--_t_la7_NOc6N7RzDbY.mp4-4494
4508,0,0,q_la7_logo3.png--_t_la7_NOc6N7RzDbY.mp4-4508
4522,0,0,q_la7_logo3.png--_t_la7_NOc6N7RzDbY.mp4-4522
4536,0,0,q_la7_logo3.png--_t_la7_NOc6N7RzDbY.mp4-4536
4550,0,0,q_la7_logo3.png--_t_la7_NOc6N7RzDbY.mp4-4550
4564,2,0.1,q_la7_logo3.png--_t_la7_NOc6N7RzDbY.mp4-4564
4578,2,0.1,q_la7_logo3.png--_t_la7_NOc6N7RzDbY.mp4-4578
4592,1,0.05,q_la7_logo3.png--_t_la7_NOc6N7RzDbY.mp4-4592
4606,0,0,q_la7_logo3.png--_t_la7_NOc6N7RzDbY.mp4-4606
4620,0,0,q_la7_logo3.png--_t_la7_NOc6N7RzDbY.mp4-4620
4634,0,0,q_la7_logo3.png--_t_la7_NOc6N7RzDbY.mp4-4634
4648,2,0.1,q_la7_logo3.png--_t_la7_NOc6N7RzDbY.mp4-4648
4662,1,0.05,q_la7_logo3.png--_t_la7_NOc6N7RzDbY.mp4-4662
4676,1,0.05,q_la7_logo3.png--_t_la7_NOc6N7RzDbY.mp4-4676
4690,1,0.05,q_la7_logo3.png--_t_la7_NOc6N7RzDbY.mp4-4690
4704,0,0,q_la7_logo3.png--_t_la7_NOc6N7RzDbY.mp4-4704
4718,1,0.05,q_la7_logo3.png--_t_la7_NOc6N7RzDbY.mp4-4718
4732,0,0,q_la7_logo3.png--_t_la7_NOc6N7RzDbY.mp4-4732
4746,0,0,q_la7_logo3.png--_t_la7_NOc6N7RzDbY.mp4-4746
4760,2,0.1,q_la7_logo3.png--_t_la7_NOc6N7RzDbY.mp4-4760
4774,0,0,q_la7_logo3.png--_t_la7_NOc6N7RzDbY.mp4-4774
4788,0,0,q_la7_logo3.png--_t_la7_NOc6N7RzDbY.mp4-4788
4802,2,0.1,q_la7_logo3.png--_t_la7_NOc6N7RzDbY.mp4-4802
4816,2,0.1,q_la7_logo3.png--_t_la7_NOc6N7RzDbY.mp4-4816
4830,2,0.1,q_la7_logo3.png--_t_la7_NOc6N7RzDbY.mp4-4830
4844,2,0.1,q_la7_logo3.png--_t_la7_NOc6N7RzDbY.mp4-4844
4858,2,0.1,q_la7_logo3.png--_t_la7_NOc6N7RzDbY.mp4-4858
4872,0,0,q_la7_logo3.png--_t_la7_NOc6N7RzDbY.mp4-4872
4886,0,0,q_la7_logo3.png--_t_la7_NOc6N7RzDbY.mp4-4886
4900,0,0,q_la7_logo3.png--_t_la7_NOc6N7RzDbY.mp4-4900
4914,0,0,q_la7_logo3.png--_t_la7_NOc6N7RzDbY.mp4-4914
4928,0,0,q_la7_logo3.png--_t_la7_NOc6N7RzDbY.mp4-4928
4942,0,0,q_la7_logo3.png--_t_la7_NOc6N7RzDbY.mp4-4942
4956,0,0,q_la7_logo3.png--_t_la7_NOc6N7RzDbY.mp4-4956
4970,0,0,q_la7_logo3.png--_t_la7_NOc6N7RzDbY.mp4-4970
4984,0,0,q_la7_logo3.png--_t_la7_NOc6N7RzDbY.mp4-4984
4998,0,0,q_la7_logo3.png--_t_la7_NOc6N7RzDbY.mp4-4998
5012,0,0,q_la7_logo3.png--_t_la7_NOc6N7RzDbY.mp4-5012
5026,0,0,q_la7_logo3.png--_t_la7_NOc6N7RzDbY.mp4-5026
5040,1,0.05,q_la7_logo3.png--_t_la7_NOc6N7RzDbY.mp4-5040
5054,1,0.05,q_la7_logo3.png--_t_la7_NOc6N7RzDbY.mp4-5054
5068,0,0,q_la7_logo3.png--_t_la7_NOc6N7RzDbY.mp4-5068
5082,0,0,q_la7_logo3.png--_t_la7_NOc6N7RzDbY.mp4-5082
5096,0,0,q_la7_logo3.png--_t_la7_NOc6N7RzDbY.mp4-5096
5110,0,0,q_la7_logo3.png--_t_la7_NOc6N7RzDbY.mp4-5110
