0,0,0,q_la7_logo3.png--_t_la7_hHoJ-0ydl4g.mp4-0
12,0,0,q_la7_logo3.png--_t_la7_hHoJ-0ydl4g.mp4-12
24,0,0,q_la7_logo3.png--_t_la7_hHoJ-0ydl4g.mp4-24
36,0,0,q_la7_logo3.png--_t_la7_hHoJ-0ydl4g.mp4-36
48,0,0,q_la7_logo3.png--_t_la7_hHoJ-0ydl4g.mp4-48
60,0,0,q_la7_logo3.png--_t_la7_hHoJ-0ydl4g.mp4-60
72,0,0,q_la7_logo3.png--_t_la7_hHoJ-0ydl4g.mp4-72
84,0,0,q_la7_logo3.png--_t_la7_hHoJ-0ydl4g.mp4-84
96,6,0.3,q_la7_logo3.png--_t_la7_hHoJ-0ydl4g.mp4-96
108,5,0.25,q_la7_logo3.png--_t_la7_hHoJ-0ydl4g.mp4-108
120,5,0.25,q_la7_logo3.png--_t_la7_hHoJ-0ydl4g.mp4-120
132,8,0.4,q_la7_logo3.png--_t_la7_hHoJ-0ydl4g.mp4-132
144,4,0.2,q_la7_logo3.png--_t_la7_hHoJ-0ydl4g.mp4-144
156,7,0.35,q_la7_logo3.png--_t_la7_hHoJ-0ydl4g.mp4-156
168,8,0.4,q_la7_logo3.png--_t_la7_hHoJ-0ydl4g.mp4-168
180,8,0.4,q_la7_logo3.png--_t_la7_hHoJ-0ydl4g.mp4-180
192,6,0.3,q_la7_logo3.png--_t_la7_hHoJ-0ydl4g.mp4-192
204,5,0.25,q_la7_logo3.png--_t_la7_hHoJ-0ydl4g.mp4-204
216,6,0.3,q_la7_logo3.png--_t_la7_hHoJ-0ydl4g.mp4-216
228,6,0.3,q_la7_logo3.png--_t_la7_hHoJ-0ydl4g.mp4-228
240,6,0.3,q_la7_logo3.png--_t_la7_hHoJ-0ydl4g.mp4-240
252,6,0.3,q_la7_logo3.png--_t_la7_hHoJ-0ydl4g.mp4-252
264,7,0.35,q_la7_logo3.png--_t_la7_hHoJ-0ydl4g.mp4-264
276,6,0.3,q_la7_logo3.png--_t_la7_hHoJ-0ydl4g.mp4-276
288,6,0.3,q_la7_logo3.png--_t_la7_hHoJ-0ydl4g.mp4-288
300,6,0.3,q_la7_logo3.png--_t_la7_hHoJ-0ydl4g.mp4-300
312,6,0.3,q_la7_logo3.png--_t_la7_hHoJ-0ydl4g.mp4-312
324,6,0.3,q_la7_logo3.png--_t_la7_hHoJ-0ydl4g.mp4-324
336,6,0.3,q_la7_logo3.png--_t_la7_hHoJ-0ydl4g.mp4-336
348,7,0.35,q_la7_logo3.png--_t_la7_hHoJ-0ydl4g.mp4-348
360,8,0.4,q_la7_logo3.png--_t_la7_hHoJ-0ydl4g.mp4-360
372,6,0.3,q_la7_logo3.png--_t_la7_hHoJ-0ydl4g.mp4-372
384,6,0.3,q_la7_logo3.png--_t_la7_hHoJ-0ydl4g.mp4-384
396,7,0.35,q_la7_logo3.png--_t_la7_hHoJ-0ydl4g.mp4-396
408,6,0.3,q_la7_logo3.png--_t_la7_hHoJ-0ydl4g.mp4-408
420,6,0.3,q_la7_logo3.png--_t_la7_hHoJ-0ydl4g.mp4-420
432,6,0.3,q_la7_logo3.png--_t_la7_hHoJ-0ydl4g.mp4-432
444,6,0.3,q_la7_logo3.png--_t_la7_hHoJ-0ydl4g.mp4-444
456,7,0.35,q_la7_logo3.png--_t_la7_hHoJ-0ydl4g.mp4-456
468,6,0.3,q_la7_logo3.png--_t_la7_hHoJ-0ydl4g.mp4-468
480,7,0.35,q_la7_logo3.png--_t_la7_hHoJ-0ydl4g.mp4-480
492,7,0.35,q_la7_logo3.png--_t_la7_hHoJ-0ydl4g.mp4-492
504,8,0.4,q_la7_logo3.png--_t_la7_hHoJ-0ydl4g.mp4-504
516,5,0.25,q_la7_logo3.png--_t_la7_hHoJ-0ydl4g.mp4-516
528,9,0.45,q_la7_logo3.png--_t_la7_hHoJ-0ydl4g.mp4-528
540,6,0.3,q_la7_logo3.png--_t_la7_hHoJ-0ydl4g.mp4-540
552,6,0.3,q_la7_logo3.png--_t_la7_hHoJ-0ydl4g.mp4-552
564,6,0.3,q_la7_logo3.png--_t_la7_hHoJ-0ydl4g.mp4-564
576,6,0.3,q_la7_logo3.png--_t_la7_hHoJ-0ydl4g.mp4-576
588,6,0.3,q_la7_logo3.png--_t_la7_hHoJ-0ydl4g.mp4-588
600,6,0.3,q_la7_logo3.png--_t_la7_hHoJ-0ydl4g.mp4-600
612,6,0.3,q_la7_logo3.png--_t_la7_hHoJ-0ydl4g.mp4-612
624,6,0.3,q_la7_logo3.png--_t_la7_hHoJ-0ydl4g.mp4-624
636,6,0.3,q_la7_logo3.png--_t_la7_hHoJ-0ydl4g.mp4-636
648,5,0.25,q_la7_logo3.png--_t_la7_hHoJ-0ydl4g.mp4-648
660,5,0.25,q_la7_logo3.png--_t_la7_hHoJ-0ydl4g.mp4-660
672,5,0.25,q_la7_logo3.png--_t_la7_hHoJ-0ydl4g.mp4-672
684,5,0.25,q_la7_logo3.png--_t_la7_hHoJ-0ydl4g.mp4-684
696,6,0.3,q_la7_logo3.png--_t_la7_hHoJ-0ydl4g.mp4-696
708,6,0.3,q_la7_logo3.png--_t_la7_hHoJ-0ydl4g.mp4-708
720,7,0.35,q_la7_logo3.png--_t_la7_hHoJ-0ydl4g.mp4-720
732,7,0.35,q_la7_logo3.png--_t_la7_hHoJ-0ydl4g.mp4-732
744,8,0.4,q_la7_logo3.png--_t_la7_hHoJ-0ydl4g.mp4-744
756,5,0.25,q_la7_logo3.png--_t_la7_hHoJ-0ydl4g.mp4-756
768,6,0.3,q_la7_logo3.png--_t_la7_hHoJ-0ydl4g.mp4-768
780,5,0.25,q_la7_logo3.png--_t_la7_hHoJ-0ydl4g.mp4-780
792,5,0.25,q_la7_logo3.png--_t_la7_hHoJ-0ydl4g.mp4-792
804,4,0.2,q_la7_logo3.png--_t_la7_hHoJ-0ydl4g.mp4-804
816,7,0.35,q_la7_logo3.png--_t_la7_hHoJ-0ydl4g.mp4-816
828,9,0.45,q_la7_logo3.png--_t_la7_hHoJ-0ydl4g.mp4-828
840,5,0.25,q_la7_logo3.png--_t_la7_hHoJ-0ydl4g.mp4-840
852,6,0.3,q_la7_logo3.png--_t_la7_hHoJ-0ydl4g.mp4-852
864,6,0.3,q_la7_logo3.png--_t_la7_hHoJ-0ydl4g.mp4-864
876,6,0.3,q_la7_logo3.png--_t_la7_hHoJ-0ydl4g.mp4-876
888,6,0.3,q_la7_logo3.png--_t_la7_hHoJ-0ydl4g.mp4-888
900,6,0.3,q_la7_logo3.png--_t_la7_hHoJ-0ydl4g.mp4-900
912,6,0.3,q_la7_logo3.png--_t_la7_hHoJ-0ydl4g.mp4-912
924,6,0.3,q_la7_logo3.png--_t_la7_hHoJ-0ydl4g.mp4-924
936,7,0.35,q_la7_logo3.png--_t_la7_hHoJ-0ydl4g.mp4-936
948,8,0.4,q_la7_logo3.png--_t_la7_hHoJ-0ydl4g.mp4-948
960,5,0.25,q_la7_logo3.png--_t_la7_hHoJ-0ydl4g.mp4-960
972,5,0.25,q_la7_logo3.png--_t_la7_hHoJ-0ydl4g.mp4-972
984,5,0.25,q_la7_logo3.png--_t_la7_hHoJ-0ydl4g.mp4-984
996,4,0.2,q_la7_logo3.png--_t_la7_hHoJ-0ydl4g.mp4-996
1008,4,0.2,q_la7_logo3.png--_t_la7_hHoJ-0ydl4g.mp4-1008
1020,4,0.2,q_la7_logo3.png--_t_la7_hHoJ-0ydl4g.mp4-1020
1032,4,0.2,q_la7_logo3.png--_t_la7_hHoJ-0ydl4g.mp4-1032
1044,4,0.2,q_la7_logo3.png--_t_la7_hHoJ-0ydl4g.mp4-1044
1056,4,0.2,q_la7_logo3.png--_t_la7_hHoJ-0ydl4g.mp4-1056
1068,4,0.2,q_la7_logo3.png--_t_la7_hHoJ-0ydl4g.mp4-1068
1080,5,0.25,q_la7_logo3.png--_t_la7_hHoJ-0ydl4g.mp4-1080
1092,5,0.25,q_la7_logo3.png--_t_la7_hHoJ-0ydl4g.mp4-1092
1104,5,0.25,q_la7_logo3.png--_t_la7_hHoJ-0ydl4g.mp4-1104
1116,5,0.25,q_la7_logo3.png--_t_la7_hHoJ-0ydl4g.mp4-1116
1128,5,0.25,q_la7_logo3.png--_t_la7_hHoJ-0ydl4g.mp4-1128
1140,4,0.2,q_la7_logo3.png--_t_la7_hHoJ-0ydl4g.mp4-1140
1152,4,0.2,q_la7_logo3.png--_t_la7_hHoJ-0ydl4g.mp4-1152
1164,5,0.25,q_la7_logo3.png--_t_la7_hHoJ-0ydl4g.mp4-1164
1176,7,0.35,q_la7_logo3.png--_t_la7_hHoJ-0ydl4g.mp4-1176
1188,3,0.15,q_la7_logo3.png--_t_la7_hHoJ-0ydl4g.mp4-1188
1200,6,0.3,q_la7_logo3.png--_t_la7_hHoJ-0ydl4g.mp4-1200
1212,5,0.25,q_la7_logo3.png--_t_la7_hHoJ-0ydl4g.mp4-1212
1224,6,0.3,q_la7_logo3.png--_t_la7_hHoJ-0ydl4g.mp4-1224
1236,4,0.2,q_la7_logo3.png--_t_la7_hHoJ-0ydl4g.mp4-1236
1248,5,0.25,q_la7_logo3.png--_t_la7_hHoJ-0ydl4g.mp4-1248
1260,4,0.2,q_la7_logo3.png--_t_la7_hHoJ-0ydl4g.mp4-1260
1272,4,0.2,q_la7_logo3.png--_t_la7_hHoJ-0ydl4g.mp4-1272
1284,5,0.25,q_la7_logo3.png--_t_la7_hHoJ-0ydl4g.mp4-1284
1296,8,0.4,q_la7_logo3.png--_t_la7_hHoJ-0ydl4g.mp4-1296
1308,8,0.4,q_la7_logo3.png--_t_la7_hHoJ-0ydl4g.mp4-1308
1320,5,0.25,q_la7_logo3.png--_t_la7_hHoJ-0ydl4g.mp4-1320
1332,6,0.3,q_la7_logo3.png--_t_la7_hHoJ-0ydl4g.mp4-1332
1344,7,0.35,q_la7_logo3.png--_t_la7_hHoJ-0ydl4g.mp4-1344
1356,8,0.4,q_la7_logo3.png--_t_la7_hHoJ-0ydl4g.mp4-1356
1368,8,0.4,q_la7_logo3.png--_t_la7_hHoJ-0ydl4g.mp4-1368
1380,8,0.4,q_la7_logo3.png--_t_la7_hHoJ-0ydl4g.mp4-1380
1392,7,0.35,q_la7_logo3.png--_t_la7_hHoJ-0ydl4g.mp4-1392
1404,8,0.4,q_la7_logo3.png--_t_la7_hHoJ-0ydl4g.mp4-1404
1416,6,0.3,q_la7_logo3.png--_t_la7_hHoJ-0ydl4g.mp4-1416
1428,6,0.3,q_la7_logo3.png--_t_la7_hHoJ-0ydl4g.mp4-1428
1440,6,0.3,q_la7_logo3.png--_t_la7_hHoJ-0ydl4g.mp4-1440
1452,8,0.4,q_la7_logo3.png--_t_la7_hHoJ-0ydl4g.mp4-1452
1464,4,0.2,q_la7_logo3.png--_t_la7_hHoJ-0ydl4g.mp4-1464
1476,7,0.35,q_la7_logo3.png--_t_la7_hHoJ-0ydl4g.mp4-1476
1488,8,0.4,q_la7_logo3.png--_t_la7_hHoJ-0ydl4g.mp4-1488
1500,10,0.5,q_la7_logo3.png--_t_la7_hHoJ-0ydl4g.mp4-1500
1512,6,0.3,q_la7_logo3.png--_t_la7_hHoJ-0ydl4g.mp4-1512
1524,7,0.35,q_la7_logo3.png--_t_la7_hHoJ-0ydl4g.mp4-1524
1536,6,0.3,q_la7_logo3.png--_t_la7_hHoJ-0ydl4g.mp4-1536
1548,6,0.3,q_la7_logo3.png--_t_la7_hHoJ-0ydl4g.mp4-1548
1560,7,0.35,q_la7_logo3.png--_t_la7_hHoJ-0ydl4g.mp4-1560
1572,8,0.4,q_la7_logo3.png--_t_la7_hHoJ-0ydl4g.mp4-1572
1584,7,0.35,q_la7_logo3.png--_t_la7_hHoJ-0ydl4g.mp4-1584
1596,6,0.3,q_la7_logo3.png--_t_la7_hHoJ-0ydl4g.mp4-1596
1608,9,0.45,q_la7_logo3.png--_t_la7_hHoJ-0ydl4g.mp4-1608
1620,3,0.15,q_la7_logo3.png--_t_la7_hHoJ-0ydl4g.mp4-1620
1632,4,0.2,q_la7_logo3.png--_t_la7_hHoJ-0ydl4g.mp4-1632
1644,4,0.2,q_la7_logo3.png--_t_la7_hHoJ-0ydl4g.mp4-1644
1656,4,0.2,q_la7_logo3.png--_t_la7_hHoJ-0ydl4g.mp4-1656
1668,5,0.25,q_la7_logo3.png--_t_la7_hHoJ-0ydl4g.mp4-1668
1680,8,0.4,q_la7_logo3.png--_t_la7_hHoJ-0ydl4g.mp4-1680
1692,8,0.4,q_la7_logo3.png--_t_la7_hHoJ-0ydl4g.mp4-1692
1704,6,0.3,q_la7_logo3.png--_t_la7_hHoJ-0ydl4g.mp4-1704
1716,7,0.35,q_la7_logo3.png--_t_la7_hHoJ-0ydl4g.mp4-1716
1728,4,0.2,q_la7_logo3.png--_t_la7_hHoJ-0ydl4g.mp4-1728
1740,7,0.35,q_la7_logo3.png--_t_la7_hHoJ-0ydl4g.mp4-1740
1752,8,0.4,q_la7_logo3.png--_t_la7_hHoJ-0ydl4g.mp4-1752
1764,7,0.35,q_la7_logo3.png--_t_la7_hHoJ-0ydl4g.mp4-1764
1776,8,0.4,q_la7_logo3.png--_t_la7_hHoJ-0ydl4g.mp4-1776
1788,8,0.4,q_la7_logo3.png--_t_la7_hHoJ-0ydl4g.mp4-1788
1800,7,0.35,q_la7_logo3.png--_t_la7_hHoJ-0ydl4g.mp4-1800
1812,6,0.3,q_la7_logo3.png--_t_la7_hHoJ-0ydl4g.mp4-1812
1824,7,0.35,q_la7_logo3.png--_t_la7_hHoJ-0ydl4g.mp4-1824
1836,4,0.2,q_la7_logo3.png--_t_la7_hHoJ-0ydl4g.mp4-1836
1848,3,0.15,q_la7_logo3.png--_t_la7_hHoJ-0ydl4g.mp4-1848
1860,3,0.15,q_la7_logo3.png--_t_la7_hHoJ-0ydl4g.mp4-1860
1872,6,0.3,q_la7_logo3.png--_t_la7_hHoJ-0ydl4g.mp4-1872
1884,3,0.15,q_la7_logo3.png--_t_la7_hHoJ-0ydl4g.mp4-1884
1896,3,0.15,q_la7_logo3.png--_t_la7_hHoJ-0ydl4g.mp4-1896
1908,3,0.15,q_la7_logo3.png--_t_la7_hHoJ-0ydl4g.mp4-1908
1920,5,0.25,q_la7_logo3.png--_t_la7_hHoJ-0ydl4g.mp4-1920
